graph_id,model,graph_n,sample_frac,objective,target_sampler,best_error,model_BA,model_ER,model_WS
BA_n1000_s0,BA,1000,0.05,preserve_degree,preferential_random_walk,0.30155632857182624,1,0,0
BA_n1000_s0,BA,1000,0.1,preserve_degree,preferential_random_walk,0.22077264108480504,1,0,0
BA_n1000_s0,BA,1000,0.2,preserve_degree,preferential_random_walk,0.1941287287758076,1,0,0
BA_n1000_s0,BA,1000,0.3,preserve_degree,preferential_random_walk,0.1345319415366643,1,0,0
BA_n1000_s0,BA,1000,0.5,preserve_degree,preferential_random_walk,0.08277244033698476,1,0,0
BA_n1000_s15,BA,1000,0.05,preserve_degree,preferential_random_walk,0.29246512502888006,1,0,0
BA_n1000_s15,BA,1000,0.1,preserve_degree,preferential_random_walk,0.2718080637375676,1,0,0
BA_n1000_s15,BA,1000,0.2,preserve_degree,preferential_random_walk,0.17437984640895088,1,0,0
BA_n1000_s15,BA,1000,0.3,preserve_degree,preferential_random_walk,0.11800562953650365,1,0,0
BA_n1000_s15,BA,1000,0.5,preserve_degree,random_edge,0.07394295802199861,1,0,0
BA_n1000_s45,BA,1000,0.05,preserve_degree,snowball,0.3134330367086298,1,0,0
BA_n1000_s45,BA,1000,0.1,preserve_degree,preferential_random_walk,0.2440079204901901,1,0,0
BA_n1000_s45,BA,1000,0.2,preserve_degree,preferential_random_walk,0.17896093867488738,1,0,0
BA_n1000_s45,BA,1000,0.3,preserve_degree,preferential_random_walk,0.11594676657414663,1,0,0
BA_n1000_s45,BA,1000,0.5,preserve_degree,preferential_random_walk,0.07266571551843089,1,0,0
BA_n5000_s0,BA,5000,0.05,preserve_degree,snowball,0.19513565322470813,1,0,0
BA_n5000_s0,BA,5000,0.1,preserve_degree,snowball,0.15531428238332637,1,0,0
BA_n5000_s0,BA,5000,0.2,preserve_degree,random_edge,0.10070309158951574,1,0,0
BA_n5000_s0,BA,5000,0.3,preserve_degree,random_edge,0.06345457730756777,1,0,0
BA_n5000_s0,BA,5000,0.5,preserve_degree,preferential_random_walk,0.0220215312381851,1,0,0
BA_n5000_s15,BA,5000,0.05,preserve_degree,snowball,0.20539130460049032,1,0,0
BA_n5000_s15,BA,5000,0.1,preserve_degree,snowball,0.1608960467150176,1,0,0
BA_n5000_s15,BA,5000,0.2,preserve_degree,random_edge,0.1017651467672956,1,0,0
BA_n5000_s15,BA,5000,0.3,preserve_degree,random_edge,0.06458928490090202,1,0,0
BA_n5000_s15,BA,5000,0.5,preserve_degree,random_edge,0.02653532228870601,1,0,0
BA_n5000_s45,BA,5000,0.05,preserve_degree,snowball,0.1851535544170643,1,0,0
BA_n5000_s45,BA,5000,0.1,preserve_degree,snowball,0.15783180325021226,1,0,0
BA_n5000_s45,BA,5000,0.2,preserve_degree,random_edge,0.09535235933321085,1,0,0
BA_n5000_s45,BA,5000,0.3,preserve_degree,random_edge,0.06402893119531658,1,0,0
BA_n5000_s45,BA,5000,0.5,preserve_degree,random_edge,0.024342045266797948,1,0,0
ER_n1000_s0,ER,1000,0.05,preserve_degree,snowball,0.5539460370706706,0,1,0
ER_n1000_s0,ER,1000,0.1,preserve_degree,snowball,0.5100855204235215,0,1,0
ER_n1000_s0,ER,1000,0.2,preserve_degree,snowball,0.41774868476048255,0,1,0
ER_n1000_s0,ER,1000,0.3,preserve_degree,snowball,0.3318754419575847,0,1,0
ER_n1000_s0,ER,1000,0.5,preserve_degree,preferential_random_walk,0.170755863623239,0,1,0
ER_n1000_s15,ER,1000,0.05,preserve_degree,snowball,0.5421035468149741,0,1,0
ER_n1000_s15,ER,1000,0.1,preserve_degree,snowball,0.5000528542917244,0,1,0
ER_n1000_s15,ER,1000,0.2,preserve_degree,snowball,0.41103657870927124,0,1,0
ER_n1000_s15,ER,1000,0.3,preserve_degree,snowball,0.3284144801361596,0,1,0
ER_n1000_s15,ER,1000,0.5,preserve_degree,snowball,0.1693547371370822,0,1,0
ER_n1000_s45,ER,1000,0.05,preserve_degree,snowball,0.540461540250214,0,1,0
ER_n1000_s45,ER,1000,0.1,preserve_degree,snowball,0.49957112217183114,0,1,0
ER_n1000_s45,ER,1000,0.2,preserve_degree,snowball,0.42176696283329,0,1,0
ER_n1000_s45,ER,1000,0.3,preserve_degree,snowball,0.3424682340748627,0,1,0
ER_n1000_s45,ER,1000,0.5,preserve_degree,snowball,0.1839635337489536,0,1,0
ER_n5000_s0,ER,5000,0.05,preserve_degree,snowball,0.511636506708129,0,1,0
ER_n5000_s0,ER,5000,0.1,preserve_degree,snowball,0.48117724463611494,0,1,0
ER_n5000_s0,ER,5000,0.2,preserve_degree,snowball,0.41538222069577885,0,1,0
ER_n5000_s0,ER,5000,0.3,preserve_degree,snowball,0.33535734439565806,0,1,0
ER_n5000_s0,ER,5000,0.5,preserve_degree,preferential_random_walk,0.17274206750927462,0,1,0
ER_n5000_s15,ER,5000,0.05,preserve_degree,snowball,0.5108976356723087,0,1,0
ER_n5000_s15,ER,5000,0.1,preserve_degree,snowball,0.47231767195090735,0,1,0
ER_n5000_s15,ER,5000,0.2,preserve_degree,snowball,0.39477022511603505,0,1,0
ER_n5000_s15,ER,5000,0.3,preserve_degree,snowball,0.31286761746651975,0,1,0
ER_n5000_s15,ER,5000,0.5,preserve_degree,snowball,0.15806594868663337,0,1,0
ER_n5000_s45,ER,4999,0.05,preserve_degree,snowball,0.5192766833417699,0,1,0
ER_n5000_s45,ER,4999,0.1,preserve_degree,snowball,0.47720610965364585,0,1,0
ER_n5000_s45,ER,4999,0.2,preserve_degree,snowball,0.40346890256418383,0,1,0
ER_n5000_s45,ER,4999,0.3,preserve_degree,snowball,0.3227429875422666,0,1,0
ER_n5000_s45,ER,4999,0.5,preserve_degree,snowball,0.16742492853966107,0,1,0
WS_n1000_s0,WS,1000,0.05,preserve_degree,snowball,0.4859967901827402,0,0,1
WS_n1000_s0,WS,1000,0.1,preserve_degree,snowball,0.44459991616459815,0,0,1
WS_n1000_s0,WS,1000,0.2,preserve_degree,snowball,0.39410515586796546,0,0,1
WS_n1000_s0,WS,1000,0.3,preserve_degree,snowball,0.36190049859361223,0,0,1
WS_n1000_s0,WS,1000,0.5,preserve_degree,snowball,0.2701276168286936,0,0,1
WS_n1000_s15,WS,1000,0.05,preserve_degree,snowball,0.49118982975108094,0,0,1
WS_n1000_s15,WS,1000,0.1,preserve_degree,snowball,0.4205918162687473,0,0,1
WS_n1000_s15,WS,1000,0.2,preserve_degree,snowball,0.3745763757139535,0,0,1
WS_n1000_s15,WS,1000,0.3,preserve_degree,snowball,0.3380952558820008,0,0,1
WS_n1000_s15,WS,1000,0.5,preserve_degree,snowball,0.2485552850796129,0,0,1
WS_n1000_s45,WS,1000,0.05,preserve_degree,snowball,0.48954525506665014,0,0,1
WS_n1000_s45,WS,1000,0.1,preserve_degree,snowball,0.41449997757791845,0,0,1
WS_n1000_s45,WS,1000,0.2,preserve_degree,snowball,0.37620465174122625,0,0,1
WS_n1000_s45,WS,1000,0.3,preserve_degree,snowball,0.3438095993361962,0,0,1
WS_n1000_s45,WS,1000,0.5,preserve_degree,snowball,0.25421544301780136,0,0,1
WS_n5000_s0,WS,5000,0.05,preserve_degree,snowball,0.4261977500513149,0,0,1
WS_n5000_s0,WS,5000,0.1,preserve_degree,snowball,0.4203778379702567,0,0,1
WS_n5000_s0,WS,5000,0.2,preserve_degree,snowball,0.38245904469385683,0,0,1
WS_n5000_s0,WS,5000,0.3,preserve_degree,snowball,0.34448199650305883,0,0,1
WS_n5000_s0,WS,5000,0.5,preserve_degree,snowball,0.2506318110992868,0,0,1
WS_n5000_s15,WS,5000,0.05,preserve_degree,snowball,0.4338184463919254,0,0,1
WS_n5000_s15,WS,5000,0.1,preserve_degree,snowball,0.41960982104213473,0,0,1
WS_n5000_s15,WS,5000,0.2,preserve_degree,snowball,0.3832681448237597,0,0,1
WS_n5000_s15,WS,5000,0.3,preserve_degree,snowball,0.34638856561025416,0,0,1
WS_n5000_s15,WS,5000,0.5,preserve_degree,snowball,0.25199699718294777,0,0,1
WS_n5000_s45,WS,5000,0.05,preserve_degree,snowball,0.4131241688120267,0,0,1
WS_n5000_s45,WS,5000,0.1,preserve_degree,snowball,0.4084411231999735,0,0,1
WS_n5000_s45,WS,5000,0.2,preserve_degree,snowball,0.3774244337545848,0,0,1
WS_n5000_s45,WS,5000,0.3,preserve_degree,snowball,0.3435698570111678,0,0,1
WS_n5000_s45,WS,5000,0.5,preserve_degree,snowball,0.24828165590675727,0,0,1
BA_n1000_s0,BA,1000,0.05,preserve_clustering,random_walk,0.18679105616044514,1,0,0
BA_n1000_s0,BA,1000,0.1,preserve_clustering,random_walk,0.1590706846493599,1,0,0
BA_n1000_s0,BA,1000,0.2,preserve_clustering,random_walk,0.104114296448744,1,0,0
BA_n1000_s0,BA,1000,0.3,preserve_clustering,metropolis_hastings_rw,0.07371519606882634,1,0,0
BA_n1000_s0,BA,1000,0.5,preserve_clustering,random_walk,0.03909834395171111,1,0,0
BA_n1000_s15,BA,1000,0.05,preserve_clustering,random_edge,0.19371666735672427,1,0,0
BA_n1000_s15,BA,1000,0.1,preserve_clustering,random_edge,0.13461039398841151,1,0,0
BA_n1000_s15,BA,1000,0.2,preserve_clustering,random_edge,0.08998525253770795,1,0,0
BA_n1000_s15,BA,1000,0.3,preserve_clustering,random_edge,0.06270926786920777,1,0,0
BA_n1000_s15,BA,1000,0.5,preserve_clustering,metropolis_hastings_rw,0.03227552244993952,1,0,0
BA_n1000_s45,BA,1000,0.05,preserve_clustering,random_walk,0.20877738961258077,1,0,0
BA_n1000_s45,BA,1000,0.1,preserve_clustering,random_walk,0.14941264395547024,1,0,0
BA_n1000_s45,BA,1000,0.2,preserve_clustering,random_walk,0.098719828918755,1,0,0
BA_n1000_s45,BA,1000,0.3,preserve_clustering,random_edge,0.06972572169366084,1,0,0
BA_n1000_s45,BA,1000,0.5,preserve_clustering,metropolis_hastings_rw,0.03855270607307185,1,0,0
BA_n5000_s0,BA,5000,0.05,preserve_clustering,random_edge,0.045538981493790556,1,0,0
BA_n5000_s0,BA,5000,0.1,preserve_clustering,random_edge,0.02738987130408881,1,0,0
BA_n5000_s0,BA,5000,0.2,preserve_clustering,random_walk,0.02281429300134904,1,0,0
BA_n5000_s0,BA,5000,0.3,preserve_clustering,random_walk,0.01770484901600232,1,0,0
BA_n5000_s0,BA,5000,0.5,preserve_clustering,random_walk,0.011639074045088519,1,0,0
BA_n5000_s15,BA,5000,0.05,preserve_clustering,random_walk,0.034050450172016314,1,0,0
BA_n5000_s15,BA,5000,0.1,preserve_clustering,random_walk,0.023284191024451412,1,0,0
BA_n5000_s15,BA,5000,0.2,preserve_clustering,random_walk,0.0176264604750525,1,0,0
BA_n5000_s15,BA,5000,0.3,preserve_clustering,random_walk,0.013908660234522302,1,0,0
BA_n5000_s15,BA,5000,0.5,preserve_clustering,metropolis_hastings_rw,0.006594035390216429,1,0,0
BA_n5000_s45,BA,5000,0.05,preserve_clustering,random_edge,0.04107032424534067,1,0,0
BA_n5000_s45,BA,5000,0.1,preserve_clustering,random_walk,0.02926485738199147,1,0,0
BA_n5000_s45,BA,5000,0.2,preserve_clustering,random_walk,0.02074498553582168,1,0,0
BA_n5000_s45,BA,5000,0.3,preserve_clustering,random_walk,0.01721217170137693,1,0,0
BA_n5000_s45,BA,5000,0.5,preserve_clustering,metropolis_hastings_rw,0.01003381460034407,1,0,0
ER_n1000_s0,ER,1000,0.05,preserve_clustering,snowball,0.09206664169231875,0,1,0
ER_n1000_s0,ER,1000,0.1,preserve_clustering,snowball,0.08291644766896868,0,1,0
ER_n1000_s0,ER,1000,0.2,preserve_clustering,snowball,0.06839390543382526,0,1,0
ER_n1000_s0,ER,1000,0.3,preserve_clustering,snowball,0.059843048476347804,0,1,0
ER_n1000_s0,ER,1000,0.5,preserve_clustering,snowball,0.04881338502966191,0,1,0
ER_n1000_s15,ER,1000,0.05,preserve_clustering,snowball,0.10044099427320927,0,1,0
ER_n1000_s15,ER,1000,0.1,preserve_clustering,snowball,0.08718282685644044,0,1,0
ER_n1000_s15,ER,1000,0.2,preserve_clustering,snowball,0.08236389374115166,0,1,0
ER_n1000_s15,ER,1000,0.3,preserve_clustering,snowball,0.06785163839172222,0,1,0
ER_n1000_s15,ER,1000,0.5,preserve_clustering,snowball,0.04239704279660041,0,1,0
ER_n1000_s45,ER,1000,0.05,preserve_clustering,snowball,0.09965181162191213,0,1,0
ER_n1000_s45,ER,1000,0.1,preserve_clustering,snowball,0.07847377838184105,0,1,0
ER_n1000_s45,ER,1000,0.2,preserve_clustering,snowball,0.06611839097489398,0,1,0
ER_n1000_s45,ER,1000,0.3,preserve_clustering,snowball,0.06279903089209356,0,1,0
ER_n1000_s45,ER,1000,0.5,preserve_clustering,snowball,0.04565658243117557,0,1,0
ER_n5000_s0,ER,5000,0.05,preserve_clustering,snowball,0.01943292080177754,0,1,0
ER_n5000_s0,ER,5000,0.1,preserve_clustering,snowball,0.016318806933065692,0,1,0
ER_n5000_s0,ER,5000,0.2,preserve_clustering,snowball,0.01721817339715446,0,1,0
ER_n5000_s0,ER,5000,0.3,preserve_clustering,snowball,0.01491941311965424,0,1,0
ER_n5000_s0,ER,5000,0.5,preserve_clustering,snowball,0.00961631107765577,0,1,0
ER_n5000_s15,ER,5000,0.05,preserve_clustering,snowball,0.01731653519378985,0,1,0
ER_n5000_s15,ER,5000,0.1,preserve_clustering,snowball,0.01529041783682318,0,1,0
ER_n5000_s15,ER,5000,0.2,preserve_clustering,snowball,0.01362606956942658,0,1,0
ER_n5000_s15,ER,5000,0.3,preserve_clustering,snowball,0.01248110656601214,0,1,0
ER_n5000_s15,ER,5000,0.5,preserve_clustering,snowball,0.00605578612943037,0,1,0
ER_n5000_s45,ER,4999,0.05,preserve_clustering,snowball,0.01999546098260887,0,1,0
ER_n5000_s45,ER,4999,0.1,preserve_clustering,snowball,0.01685398472030885,0,1,0
ER_n5000_s45,ER,4999,0.2,preserve_clustering,snowball,0.01563735293360979,0,1,0
ER_n5000_s45,ER,4999,0.3,preserve_clustering,snowball,0.01145838218710822,0,1,0
ER_n5000_s45,ER,4999,0.5,preserve_clustering,snowball,0.00950688874117005,0,1,0
WS_n1000_s0,WS,1000,0.05,preserve_clustering,metropolis_hastings_rw,0.49642842685750976,0,0,1
WS_n1000_s0,WS,1000,0.1,preserve_clustering,metropolis_hastings_rw,0.42296636891882916,0,0,1
WS_n1000_s0,WS,1000,0.2,preserve_clustering,snowball,0.31519794690128433,0,0,1
WS_n1000_s0,WS,1000,0.3,preserve_clustering,metropolis_hastings_rw,0.2335364246987524,0,0,1
WS_n1000_s0,WS,1000,0.5,preserve_clustering,metropolis_hastings_rw,0.11325632071733235,0,0,1
WS_n1000_s15,WS,1000,0.05,preserve_clustering,snowball,0.50246000759537,0,0,1
WS_n1000_s15,WS,1000,0.1,preserve_clustering,snowball,0.39425568335281175,0,0,1
WS_n1000_s15,WS,1000,0.2,preserve_clustering,snowball,0.31072181092528234,0,0,1
WS_n1000_s15,WS,1000,0.3,preserve_clustering,metropolis_hastings_rw,0.22623130787730927,0,0,1
WS_n1000_s15,WS,1000,0.5,preserve_clustering,metropolis_hastings_rw,0.10181377163384442,0,0,1
WS_n1000_s45,WS,1000,0.05,preserve_clustering,metropolis_hastings_rw,0.5169189234208993,0,0,1
WS_n1000_s45,WS,1000,0.1,preserve_clustering,snowball,0.4054769680754318,0,0,1
WS_n1000_s45,WS,1000,0.2,preserve_clustering,snowball,0.3053946813935945,0,0,1
WS_n1000_s45,WS,1000,0.3,preserve_clustering,metropolis_hastings_rw,0.22680087224318685,0,0,1
WS_n1000_s45,WS,1000,0.5,preserve_clustering,metropolis_hastings_rw,0.10289857762050632,0,0,1
WS_n5000_s0,WS,5000,0.05,preserve_clustering,snowball,0.39775534127582823,0,0,1
WS_n5000_s0,WS,5000,0.1,preserve_clustering,snowball,0.3605280328130914,0,0,1
WS_n5000_s0,WS,5000,0.2,preserve_clustering,snowball,0.28933355021788787,0,0,1
WS_n5000_s0,WS,5000,0.3,preserve_clustering,metropolis_hastings_rw,0.2135194394751847,0,0,1
WS_n5000_s0,WS,5000,0.5,preserve_clustering,metropolis_hastings_rw,0.0930686001499009,0,0,1
WS_n5000_s15,WS,5000,0.05,preserve_clustering,snowball,0.39449991176987187,0,0,1
WS_n5000_s15,WS,5000,0.1,preserve_clustering,snowball,0.35809590973647903,0,0,1
WS_n5000_s15,WS,5000,0.2,preserve_clustering,snowball,0.2790508061982265,0,0,1
WS_n5000_s15,WS,5000,0.3,preserve_clustering,metropolis_hastings_rw,0.20884039756470898,0,0,1
WS_n5000_s15,WS,5000,0.5,preserve_clustering,metropolis_hastings_rw,0.09219330321756161,0,0,1
WS_n5000_s45,WS,5000,0.05,preserve_clustering,snowball,0.3911138603277181,0,0,1
WS_n5000_s45,WS,5000,0.1,preserve_clustering,snowball,0.3510720020983878,0,0,1
WS_n5000_s45,WS,5000,0.2,preserve_clustering,snowball,0.28290567620417506,0,0,1
WS_n5000_s45,WS,5000,0.3,preserve_clustering,metropolis_hastings_rw,0.21470572045701516,0,0,1
WS_n5000_s45,WS,5000,0.5,preserve_clustering,metropolis_hastings_rw,0.09334325268170227,0,0,1
BA_n1000_s0,BA,1000,0.05,preserve_betweenness,random_node,0.059422082754429596,1,0,0
BA_n1000_s0,BA,1000,0.1,preserve_betweenness,random_node,0.04807454726369135,1,0,0
BA_n1000_s0,BA,1000,0.2,preserve_betweenness,snowball,0.041691872685166796,1,0,0
BA_n1000_s0,BA,1000,0.3,preserve_betweenness,snowball,0.02148113868005756,1,0,0
BA_n1000_s0,BA,1000,0.5,preserve_betweenness,snowball,0.012597611932354941,1,0,0
BA_n1000_s15,BA,1000,0.05,preserve_betweenness,random_node,0.07384685289529,1,0,0
BA_n1000_s15,BA,1000,0.1,preserve_betweenness,snowball,0.06209226932158647,1,0,0
BA_n1000_s15,BA,1000,0.2,preserve_betweenness,snowball,0.03790370348700406,1,0,0
BA_n1000_s15,BA,1000,0.3,preserve_betweenness,snowball,0.02736198680824394,1,0,0
BA_n1000_s15,BA,1000,0.5,preserve_betweenness,snowball,0.01628572817863828,1,0,0
BA_n1000_s45,BA,1000,0.05,preserve_betweenness,random_node,0.06090205224666127,1,0,0
BA_n1000_s45,BA,1000,0.1,preserve_betweenness,random_node,0.05444262135070697,1,0,0
BA_n1000_s45,BA,1000,0.2,preserve_betweenness,snowball,0.027053378272351953,1,0,0
BA_n1000_s45,BA,1000,0.3,preserve_betweenness,snowball,0.01985769098584656,1,0,0
BA_n1000_s45,BA,1000,0.5,preserve_betweenness,snowball,0.0121114938840234,1,0,0
BA_n5000_s0,BA,5000,0.05,preserve_betweenness,random_node,0.014880259311333919,1,0,0
BA_n5000_s0,BA,5000,0.1,preserve_betweenness,random_node,0.01583034069358997,1,0,0
BA_n5000_s0,BA,5000,0.2,preserve_betweenness,snowball,0.01026384968551142,1,0,0
BA_n5000_s0,BA,5000,0.3,preserve_betweenness,snowball,0.00578926619835363,1,0,0
BA_n5000_s0,BA,5000,0.5,preserve_betweenness,snowball,0.00348612496142933,1,0,0
BA_n5000_s15,BA,5000,0.05,preserve_betweenness,random_node,0.01388057786364531,1,0,0
BA_n5000_s15,BA,5000,0.1,preserve_betweenness,snowball,0.0205832968533364,1,0,0
BA_n5000_s15,BA,5000,0.2,preserve_betweenness,snowball,0.010452896948983739,1,0,0
BA_n5000_s15,BA,5000,0.3,preserve_betweenness,snowball,0.00825677087665573,1,0,0
BA_n5000_s15,BA,5000,0.5,preserve_betweenness,snowball,0.00430262299107858,1,0,0
BA_n5000_s45,BA,5000,0.05,preserve_betweenness,random_node,0.0150193698824519,1,0,0
BA_n5000_s45,BA,5000,0.1,preserve_betweenness,random_node,0.01754121074606738,1,0,0
BA_n5000_s45,BA,5000,0.2,preserve_betweenness,snowball,0.01029310836743591,1,0,0
BA_n5000_s45,BA,5000,0.3,preserve_betweenness,snowball,0.007054514051518181,1,0,0
BA_n5000_s45,BA,5000,0.5,preserve_betweenness,snowball,0.0039003432908999297,1,0,0
ER_n1000_s0,ER,1000,0.05,preserve_betweenness,snowball,0.1439004454926408,0,1,0
ER_n1000_s0,ER,1000,0.1,preserve_betweenness,snowball,0.15221943593540285,0,1,0
ER_n1000_s0,ER,1000,0.2,preserve_betweenness,snowball,0.13765950016207254,0,1,0
ER_n1000_s0,ER,1000,0.3,preserve_betweenness,snowball,0.13832527401687153,0,1,0
ER_n1000_s0,ER,1000,0.5,preserve_betweenness,snowball,0.09463729394185924,0,1,0
ER_n1000_s15,ER,1000,0.05,preserve_betweenness,snowball,0.14694318774731993,0,1,0
ER_n1000_s15,ER,1000,0.1,preserve_betweenness,snowball,0.13319512853194335,0,1,0
ER_n1000_s15,ER,1000,0.2,preserve_betweenness,snowball,0.1545775538292934,0,1,0
ER_n1000_s15,ER,1000,0.3,preserve_betweenness,snowball,0.13871723252431256,0,1,0
ER_n1000_s15,ER,1000,0.5,preserve_betweenness,snowball,0.09579702369430118,0,1,0
ER_n1000_s45,ER,1000,0.05,preserve_betweenness,snowball,0.13715450398960322,0,1,0
ER_n1000_s45,ER,1000,0.1,preserve_betweenness,snowball,0.13184614196096353,0,1,0
ER_n1000_s45,ER,1000,0.2,preserve_betweenness,snowball,0.16159974288510956,0,1,0
ER_n1000_s45,ER,1000,0.3,preserve_betweenness,snowball,0.14621077006012617,0,1,0
ER_n1000_s45,ER,1000,0.5,preserve_betweenness,snowball,0.09990964392542817,0,1,0
ER_n5000_s0,ER,5000,0.05,preserve_betweenness,snowball,0.09697531713233797,0,1,0
ER_n5000_s0,ER,5000,0.1,preserve_betweenness,snowball,0.09921449634627326,0,1,0
ER_n5000_s0,ER,5000,0.2,preserve_betweenness,snowball,0.11058642771259748,0,1,0
ER_n5000_s0,ER,5000,0.3,preserve_betweenness,snowball,0.11205211379255613,0,1,0
ER_n5000_s0,ER,5000,0.5,preserve_betweenness,snowball,0.07207464252078429,0,1,0
ER_n5000_s15,ER,5000,0.05,preserve_betweenness,snowball,0.09131944135054564,0,1,0
ER_n5000_s15,ER,5000,0.1,preserve_betweenness,snowball,0.0874194445264721,0,1,0
ER_n5000_s15,ER,5000,0.2,preserve_betweenness,snowball,0.10313462545910212,0,1,0
ER_n5000_s15,ER,5000,0.3,preserve_betweenness,snowball,0.11057433579881822,0,1,0
ER_n5000_s15,ER,5000,0.5,preserve_betweenness,snowball,0.0684866666561281,0,1,0
ER_n5000_s45,ER,4999,0.05,preserve_betweenness,snowball,0.08686396216571357,0,1,0
ER_n5000_s45,ER,4999,0.1,preserve_betweenness,snowball,0.08189562619546913,0,1,0
ER_n5000_s45,ER,4999,0.2,preserve_betweenness,snowball,0.0881468061070732,0,1,0
ER_n5000_s45,ER,4999,0.3,preserve_betweenness,snowball,0.10219688054605273,0,1,0
ER_n5000_s45,ER,4999,0.5,preserve_betweenness,snowball,0.07061467628459821,0,1,0
WS_n1000_s0,WS,1000,0.05,preserve_betweenness,snowball,0.12759797042876425,0,0,1
WS_n1000_s0,WS,1000,0.1,preserve_betweenness,snowball,0.1411436791449722,0,0,1
WS_n1000_s0,WS,1000,0.2,preserve_betweenness,random_node,0.18059549991718055,0,0,1
WS_n1000_s0,WS,1000,0.3,preserve_betweenness,snowball,0.163445221751585,0,0,1
WS_n1000_s0,WS,1000,0.5,preserve_betweenness,snowball,0.13840162765514416,0,0,1
WS_n1000_s15,WS,1000,0.05,preserve_betweenness,snowball,0.1457675526139094,0,0,1
WS_n1000_s15,WS,1000,0.1,preserve_betweenness,snowball,0.15047715705850995,0,0,1
WS_n1000_s15,WS,1000,0.2,preserve_betweenness,snowball,0.17211647612071346,0,0,1
WS_n1000_s15,WS,1000,0.3,preserve_betweenness,snowball,0.1590826592188486,0,0,1
WS_n1000_s15,WS,1000,0.5,preserve_betweenness,snowball,0.12831755941768744,0,0,1
WS_n1000_s45,WS,1000,0.05,preserve_betweenness,snowball,0.168832429991742,0,0,1
WS_n1000_s45,WS,1000,0.1,preserve_betweenness,snowball,0.16129100200548288,0,0,1
WS_n1000_s45,WS,1000,0.2,preserve_betweenness,snowball,0.1906167056719112,0,0,1
WS_n1000_s45,WS,1000,0.3,preserve_betweenness,snowball,0.16921331596088376,0,0,1
WS_n1000_s45,WS,1000,0.5,preserve_betweenness,snowball,0.1401328821963636,0,0,1
WS_n5000_s0,WS,5000,0.05,preserve_betweenness,snowball,0.12363262714078545,0,0,1
WS_n5000_s0,WS,5000,0.1,preserve_betweenness,snowball,0.11490853309629842,0,0,1
WS_n5000_s0,WS,5000,0.2,preserve_betweenness,snowball,0.12299965965875606,0,0,1
WS_n5000_s0,WS,5000,0.3,preserve_betweenness,snowball,0.12262133939919309,0,0,1
WS_n5000_s0,WS,5000,0.5,preserve_betweenness,snowball,0.08784795662579718,0,0,1
WS_n5000_s15,WS,5000,0.05,preserve_betweenness,snowball,0.11857553467491336,0,0,1
WS_n5000_s15,WS,5000,0.1,preserve_betweenness,snowball,0.11082355677275094,0,0,1
WS_n5000_s15,WS,5000,0.2,preserve_betweenness,random_node,0.12593016126942363,0,0,1
WS_n5000_s15,WS,5000,0.3,preserve_betweenness,snowball,0.12086008923972229,0,0,1
WS_n5000_s15,WS,5000,0.5,preserve_betweenness,snowball,0.08912569610809881,0,0,1
WS_n5000_s45,WS,5000,0.05,preserve_betweenness,snowball,0.11718938982989577,0,0,1
WS_n5000_s45,WS,5000,0.1,preserve_betweenness,snowball,0.10866649414244792,0,0,1
WS_n5000_s45,WS,5000,0.2,preserve_betweenness,random_node,0.1286166666132513,0,0,1
WS_n5000_s45,WS,5000,0.3,preserve_betweenness,snowball,0.13052738386395316,0,0,1
WS_n5000_s45,WS,5000,0.5,preserve_betweenness,snowball,0.09257918432884368,0,0,1
BA_n1000_s0,BA,1000,0.05,preserve_shortest_path,preferential_random_walk,0.1080513909499358,1,0,0
BA_n1000_s0,BA,1000,0.1,preserve_shortest_path,preferential_random_walk,0.07924063208320055,1,0,0
BA_n1000_s0,BA,1000,0.2,preserve_shortest_path,random_walk,0.03948703884911956,1,0,0
BA_n1000_s0,BA,1000,0.3,preserve_shortest_path,random_walk,0.010742138482693269,1,0,0
BA_n1000_s0,BA,1000,0.5,preserve_shortest_path,random_edge,0.00508286141567589,1,0,0
BA_n1000_s15,BA,1000,0.05,preserve_shortest_path,preferential_random_walk,0.11293855331159186,1,0,0
BA_n1000_s15,BA,1000,0.1,preserve_shortest_path,preferential_random_walk,0.07802733392303748,1,0,0
BA_n1000_s15,BA,1000,0.2,preserve_shortest_path,random_walk,0.04316895227022513,1,0,0
BA_n1000_s15,BA,1000,0.3,preserve_shortest_path,random_edge,0.01532419604035056,1,0,0
BA_n1000_s15,BA,1000,0.5,preserve_shortest_path,random_edge,0.0055479945553655995,1,0,0
BA_n1000_s45,BA,1000,0.05,preserve_shortest_path,preferential_random_walk,0.09399749980566878,1,0,0
BA_n1000_s45,BA,1000,0.1,preserve_shortest_path,preferential_random_walk,0.06852219364919727,1,0,0
BA_n1000_s45,BA,1000,0.2,preserve_shortest_path,random_edge,0.042715607080217745,1,0,0
BA_n1000_s45,BA,1000,0.3,preserve_shortest_path,random_walk,0.01526616467167766,1,0,0
BA_n1000_s45,BA,1000,0.5,preserve_shortest_path,random_walk,0.00631505510573035,1,0,0
BA_n5000_s0,BA,5000,0.05,preserve_shortest_path,preferential_random_walk,0.04738688996238646,1,0,0
BA_n5000_s0,BA,5000,0.1,preserve_shortest_path,preferential_random_walk,0.04143514484980017,1,0,0
BA_n5000_s0,BA,5000,0.2,preserve_shortest_path,preferential_random_walk,0.03732787613978767,1,0,0
BA_n5000_s0,BA,5000,0.3,preserve_shortest_path,random_edge,0.01724279162904702,1,0,0
BA_n5000_s0,BA,5000,0.5,preserve_shortest_path,random_edge,0.00147114134704874,1,0,0
BA_n5000_s15,BA,5000,0.05,preserve_shortest_path,preferential_random_walk,0.05335957720599978,1,0,0
BA_n5000_s15,BA,5000,0.1,preserve_shortest_path,preferential_random_walk,0.04504251597470144,1,0,0
BA_n5000_s15,BA,5000,0.2,preserve_shortest_path,preferential_random_walk,0.0379147400193625,1,0,0
BA_n5000_s15,BA,5000,0.3,preserve_shortest_path,random_edge,0.02082998398606757,1,0,0
BA_n5000_s15,BA,5000,0.5,preserve_shortest_path,random_edge,0.00223024591047017,1,0,0
BA_n5000_s45,BA,5000,0.05,preserve_shortest_path,preferential_random_walk,0.04372357407904194,1,0,0
BA_n5000_s45,BA,5000,0.1,preserve_shortest_path,preferential_random_walk,0.04206610508722927,1,0,0
BA_n5000_s45,BA,5000,0.2,preserve_shortest_path,preferential_random_walk,0.03564363127259655,1,0,0
BA_n5000_s45,BA,5000,0.3,preserve_shortest_path,random_edge,0.02158032065783379,1,0,0
BA_n5000_s45,BA,5000,0.5,preserve_shortest_path,random_edge,0.0031702891283468156,1,0,0
ER_n1000_s0,ER,1000,0.05,preserve_shortest_path,snowball,0.16716945347079434,0,1,0
ER_n1000_s0,ER,1000,0.1,preserve_shortest_path,snowball,0.11440474706676948,0,1,0
ER_n1000_s0,ER,1000,0.2,preserve_shortest_path,snowball,0.12085256757720493,0,1,0
ER_n1000_s0,ER,1000,0.3,preserve_shortest_path,snowball,0.11768033859483687,0,1,0
ER_n1000_s0,ER,1000,0.5,preserve_shortest_path,snowball,0.07649190477148762,0,1,0
ER_n1000_s15,ER,1000,0.05,preserve_shortest_path,snowball,0.11633261206941765,0,1,0
ER_n1000_s15,ER,1000,0.1,preserve_shortest_path,snowball,0.10692742120598624,0,1,0
ER_n1000_s15,ER,1000,0.2,preserve_shortest_path,snowball,0.13084410473925095,0,1,0
ER_n1000_s15,ER,1000,0.3,preserve_shortest_path,snowball,0.12319006684170267,0,1,0
ER_n1000_s15,ER,1000,0.5,preserve_shortest_path,snowball,0.07850952240004674,0,1,0
ER_n1000_s45,ER,1000,0.05,preserve_shortest_path,snowball,0.14001937607552487,0,1,0
ER_n1000_s45,ER,1000,0.1,preserve_shortest_path,snowball,0.12342161382124958,0,1,0
ER_n1000_s45,ER,1000,0.2,preserve_shortest_path,snowball,0.14083521396078902,0,1,0
ER_n1000_s45,ER,1000,0.3,preserve_shortest_path,snowball,0.1268957059750684,0,1,0
ER_n1000_s45,ER,1000,0.5,preserve_shortest_path,snowball,0.07944974915987893,0,1,0
ER_n5000_s0,ER,5000,0.05,preserve_shortest_path,snowball,0.1905350597181019,0,1,0
ER_n5000_s0,ER,5000,0.1,preserve_shortest_path,snowball,0.21760439249581812,0,1,0
ER_n5000_s0,ER,5000,0.2,preserve_shortest_path,snowball,0.21505124457486993,0,1,0
ER_n5000_s0,ER,5000,0.3,preserve_shortest_path,snowball,0.18313867839917194,0,1,0
ER_n5000_s0,ER,5000,0.5,preserve_shortest_path,snowball,0.10883895623096004,0,1,0
ER_n5000_s15,ER,5000,0.05,preserve_shortest_path,snowball,0.14582813809202796,0,1,0
ER_n5000_s15,ER,5000,0.1,preserve_shortest_path,snowball,0.1948351119524313,0,1,0
ER_n5000_s15,ER,5000,0.2,preserve_shortest_path,snowball,0.20027214314358846,0,1,0
ER_n5000_s15,ER,5000,0.3,preserve_shortest_path,snowball,0.16901786775294309,0,1,0
ER_n5000_s15,ER,5000,0.5,preserve_shortest_path,snowball,0.10028771195950877,0,1,0
ER_n5000_s45,ER,4999,0.05,preserve_shortest_path,snowball,0.15957176379012888,0,1,0
ER_n5000_s45,ER,4999,0.1,preserve_shortest_path,snowball,0.20001706196111263,0,1,0
ER_n5000_s45,ER,4999,0.2,preserve_shortest_path,snowball,0.20027563136139861,0,1,0
ER_n5000_s45,ER,4999,0.3,preserve_shortest_path,snowball,0.17556055012722843,0,1,0
ER_n5000_s45,ER,4999,0.5,preserve_shortest_path,snowball,0.10527993601985283,0,1,0
WS_n1000_s0,WS,1000,0.05,preserve_shortest_path,snowball,0.09605310707097793,0,0,1
WS_n1000_s0,WS,1000,0.1,preserve_shortest_path,snowball,0.0732507249607047,0,0,1
WS_n1000_s0,WS,1000,0.2,preserve_shortest_path,snowball,0.12013492138375961,0,0,1
WS_n1000_s0,WS,1000,0.3,preserve_shortest_path,snowball,0.12131796067567775,0,0,1
WS_n1000_s0,WS,1000,0.5,preserve_shortest_path,snowball,0.09576345963799754,0,0,1
WS_n1000_s15,WS,1000,0.05,preserve_shortest_path,snowball,0.1406540407454242,0,0,1
WS_n1000_s15,WS,1000,0.1,preserve_shortest_path,snowball,0.05679784979395872,0,0,1
WS_n1000_s15,WS,1000,0.2,preserve_shortest_path,snowball,0.10322060767771808,0,0,1
WS_n1000_s15,WS,1000,0.3,preserve_shortest_path,snowball,0.11370928803551154,0,0,1
WS_n1000_s15,WS,1000,0.5,preserve_shortest_path,snowball,0.088934426770332,0,0,1
WS_n1000_s45,WS,1000,0.05,preserve_shortest_path,snowball,0.1228638007307504,0,0,1
WS_n1000_s45,WS,1000,0.1,preserve_shortest_path,snowball,0.08391029976870171,0,0,1
WS_n1000_s45,WS,1000,0.2,preserve_shortest_path,snowball,0.10290179752430144,0,0,1
WS_n1000_s45,WS,1000,0.3,preserve_shortest_path,snowball,0.11351440260788244,0,0,1
WS_n1000_s45,WS,1000,0.5,preserve_shortest_path,snowball,0.09196860063198313,0,0,1
WS_n5000_s0,WS,5000,0.05,preserve_shortest_path,snowball,0.16181372655336762,0,0,1
WS_n5000_s0,WS,5000,0.1,preserve_shortest_path,random_node,0.1435762799291536,0,0,1
WS_n5000_s0,WS,5000,0.2,preserve_shortest_path,snowball,0.18808265712383113,0,0,1
WS_n5000_s0,WS,5000,0.3,preserve_shortest_path,snowball,0.17762305983692542,0,0,1
WS_n5000_s0,WS,5000,0.5,preserve_shortest_path,snowball,0.12031152172267243,0,0,1
WS_n5000_s15,WS,5000,0.05,preserve_shortest_path,snowball,0.13250036104257362,0,0,1
WS_n5000_s15,WS,5000,0.1,preserve_shortest_path,snowball,0.156242978314759,0,0,1
WS_n5000_s15,WS,5000,0.2,preserve_shortest_path,snowball,0.1812250877208339,0,0,1
WS_n5000_s15,WS,5000,0.3,preserve_shortest_path,snowball,0.1689563683169616,0,0,1
WS_n5000_s15,WS,5000,0.5,preserve_shortest_path,snowball,0.12009969858133777,0,0,1
WS_n5000_s45,WS,5000,0.05,preserve_shortest_path,snowball,0.16881615164231772,0,0,1
WS_n5000_s45,WS,5000,0.1,preserve_shortest_path,snowball,0.16638805519486852,0,0,1
WS_n5000_s45,WS,5000,0.2,preserve_shortest_path,snowball,0.1929379211855051,0,0,1
WS_n5000_s45,WS,5000,0.3,preserve_shortest_path,snowball,0.18061689791605579,0,0,1
WS_n5000_s45,WS,5000,0.5,preserve_shortest_path,snowball,0.12313099858754602,0,0,1
BA_n1000_s0,BA,1000,0.05,preserve_global_sps,metropolis_hastings_rw,0.4684392870408243,1,0,0
BA_n1000_s0,BA,1000,0.1,preserve_global_sps,metropolis_hastings_rw,0.412832252222715,1,0,0
BA_n1000_s0,BA,1000,0.2,preserve_global_sps,metropolis_hastings_rw,0.2851085615019947,1,0,0
BA_n1000_s0,BA,1000,0.3,preserve_global_sps,metropolis_hastings_rw,0.18797998707974092,1,0,0
BA_n1000_s0,BA,1000,0.5,preserve_global_sps,metropolis_hastings_rw,0.10923328922728963,1,0,0
BA_n1000_s15,BA,1000,0.05,preserve_global_sps,random_edge,0.43469126150715864,1,0,0
BA_n1000_s15,BA,1000,0.1,preserve_global_sps,random_walk,0.3884297867664036,1,0,0
BA_n1000_s15,BA,1000,0.2,preserve_global_sps,metropolis_hastings_rw,0.2853789070386187,1,0,0
BA_n1000_s15,BA,1000,0.3,preserve_global_sps,metropolis_hastings_rw,0.20770212757931655,1,0,0
BA_n1000_s15,BA,1000,0.5,preserve_global_sps,metropolis_hastings_rw,0.1021697673122135,1,0,0
BA_n1000_s45,BA,1000,0.05,preserve_global_sps,random_edge,0.49252581737268863,1,0,0
BA_n1000_s45,BA,1000,0.1,preserve_global_sps,random_walk,0.3882106139520373,1,0,0
BA_n1000_s45,BA,1000,0.2,preserve_global_sps,metropolis_hastings_rw,0.2554554725008687,1,0,0
BA_n1000_s45,BA,1000,0.3,preserve_global_sps,metropolis_hastings_rw,0.19275808450115905,1,0,0
BA_n1000_s45,BA,1000,0.5,preserve_global_sps,metropolis_hastings_rw,0.09958317066858864,1,0,0
BA_n5000_s0,BA,5000,0.05,preserve_global_sps,random_edge,0.4569919048356996,1,0,0
BA_n5000_s0,BA,5000,0.1,preserve_global_sps,metropolis_hastings_rw,0.36716700312490086,1,0,0
BA_n5000_s0,BA,5000,0.2,preserve_global_sps,metropolis_hastings_rw,0.23371555424855775,1,0,0
BA_n5000_s0,BA,5000,0.3,preserve_global_sps,metropolis_hastings_rw,0.16727589303473236,1,0,0
BA_n5000_s0,BA,5000,0.5,preserve_global_sps,metropolis_hastings_rw,0.08064756811097587,1,0,0
BA_n5000_s15,BA,5000,0.05,preserve_global_sps,metropolis_hastings_rw,0.4289346764645246,1,0,0
BA_n5000_s15,BA,5000,0.1,preserve_global_sps,metropolis_hastings_rw,0.32752310670415197,1,0,0
BA_n5000_s15,BA,5000,0.2,preserve_global_sps,metropolis_hastings_rw,0.21375081986731184,1,0,0
BA_n5000_s15,BA,5000,0.3,preserve_global_sps,metropolis_hastings_rw,0.15070960758986002,1,0,0
BA_n5000_s15,BA,5000,0.5,preserve_global_sps,metropolis_hastings_rw,0.08042532464494935,1,0,0
BA_n5000_s45,BA,5000,0.05,preserve_global_sps,random_node,0.4755200650422176,1,0,0
BA_n5000_s45,BA,5000,0.1,preserve_global_sps,metropolis_hastings_rw,0.38406112722160807,1,0,0
BA_n5000_s45,BA,5000,0.2,preserve_global_sps,metropolis_hastings_rw,0.256786737777666,1,0,0
BA_n5000_s45,BA,5000,0.3,preserve_global_sps,metropolis_hastings_rw,0.16177086313503855,1,0,0
BA_n5000_s45,BA,5000,0.5,preserve_global_sps,metropolis_hastings_rw,0.08743286872293277,1,0,0
ER_n1000_s0,ER,1000,0.05,preserve_global_sps,random_edge,0.5633268678937227,0,1,0
ER_n1000_s0,ER,1000,0.1,preserve_global_sps,preferential_random_walk,0.5429723649953213,0,1,0
ER_n1000_s0,ER,1000,0.2,preserve_global_sps,metropolis_hastings_rw,0.4037951168467206,0,1,0
ER_n1000_s0,ER,1000,0.3,preserve_global_sps,metropolis_hastings_rw,0.3038030173450868,0,1,0
ER_n1000_s0,ER,1000,0.5,preserve_global_sps,random_walk,0.17708180166122456,0,1,0
ER_n1000_s15,ER,1000,0.05,preserve_global_sps,random_edge,0.5618550550790202,0,1,0
ER_n1000_s15,ER,1000,0.1,preserve_global_sps,random_node,0.5657943855213994,0,1,0
ER_n1000_s15,ER,1000,0.2,preserve_global_sps,random_walk,0.40507539441785845,0,1,0
ER_n1000_s15,ER,1000,0.3,preserve_global_sps,preferential_random_walk,0.3193105944835128,0,1,0
ER_n1000_s15,ER,1000,0.5,preserve_global_sps,preferential_random_walk,0.16786913692197286,0,1,0
ER_n1000_s45,ER,1000,0.05,preserve_global_sps,random_edge,0.5545960015821657,0,1,0
ER_n1000_s45,ER,1000,0.1,preserve_global_sps,metropolis_hastings_rw,0.5733983474834664,0,1,0
ER_n1000_s45,ER,1000,0.2,preserve_global_sps,metropolis_hastings_rw,0.41305586753208184,0,1,0
ER_n1000_s45,ER,1000,0.3,preserve_global_sps,random_walk,0.3338090943033328,0,1,0
ER_n1000_s45,ER,1000,0.5,preserve_global_sps,preferential_random_walk,0.17426501024532468,0,1,0
ER_n5000_s0,ER,5000,0.05,preserve_global_sps,random_node,0.588978877917979,0,1,0
ER_n5000_s0,ER,5000,0.1,preserve_global_sps,metropolis_hastings_rw,0.5805767451960738,0,1,0
ER_n5000_s0,ER,5000,0.2,preserve_global_sps,metropolis_hastings_rw,0.3974165507253589,0,1,0
ER_n5000_s0,ER,5000,0.3,preserve_global_sps,preferential_random_walk,0.29783144746844775,0,1,0
ER_n5000_s0,ER,5000,0.5,preserve_global_sps,preferential_random_walk,0.1722282567177285,0,1,0
ER_n5000_s15,ER,5000,0.05,preserve_global_sps,random_node,0.5930602611372118,0,1,0
ER_n5000_s15,ER,5000,0.1,preserve_global_sps,preferential_random_walk,0.5786573288759813,0,1,0
ER_n5000_s15,ER,5000,0.2,preserve_global_sps,preferential_random_walk,0.38760090987529583,0,1,0
ER_n5000_s15,ER,5000,0.3,preserve_global_sps,metropolis_hastings_rw,0.2975254546039323,0,1,0
ER_n5000_s15,ER,5000,0.5,preserve_global_sps,preferential_random_walk,0.16724103321662723,0,1,0
ER_n5000_s45,ER,4999,0.05,preserve_global_sps,random_node,0.590091704714484,0,1,0
ER_n5000_s45,ER,4999,0.1,preserve_global_sps,preferential_random_walk,0.5381338362100594,0,1,0
ER_n5000_s45,ER,4999,0.2,preserve_global_sps,preferential_random_walk,0.3836130271092492,0,1,0
ER_n5000_s45,ER,4999,0.3,preserve_global_sps,preferential_random_walk,0.29148369435266586,0,1,0
ER_n5000_s45,ER,4999,0.5,preserve_global_sps,preferential_random_walk,0.15979227691776596,0,1,0
WS_n1000_s0,WS,1000,0.05,preserve_global_sps,snowball,0.4444695011160008,0,0,1
WS_n1000_s0,WS,1000,0.1,preserve_global_sps,snowball,0.3574882686448013,0,0,1
WS_n1000_s0,WS,1000,0.2,preserve_global_sps,snowball,0.2972087155738812,0,0,1
WS_n1000_s0,WS,1000,0.3,preserve_global_sps,snowball,0.2597478158112465,0,0,1
WS_n1000_s0,WS,1000,0.5,preserve_global_sps,snowball,0.17887492450204953,0,0,1
WS_n1000_s15,WS,1000,0.05,preserve_global_sps,snowball,0.4499649514743074,0,0,1
WS_n1000_s15,WS,1000,0.1,preserve_global_sps,snowball,0.343758838193415,0,0,1
WS_n1000_s15,WS,1000,0.2,preserve_global_sps,snowball,0.2800771530651776,0,0,1
WS_n1000_s15,WS,1000,0.3,preserve_global_sps,snowball,0.24907108933707364,0,0,1
WS_n1000_s15,WS,1000,0.5,preserve_global_sps,snowball,0.16447489333188386,0,0,1
WS_n1000_s45,WS,1000,0.05,preserve_global_sps,preferential_random_walk,0.4615908434149759,0,0,1
WS_n1000_s45,WS,1000,0.1,preserve_global_sps,snowball,0.3455081336624123,0,0,1
WS_n1000_s45,WS,1000,0.2,preserve_global_sps,snowball,0.2947527747074105,0,0,1
WS_n1000_s45,WS,1000,0.3,preserve_global_sps,snowball,0.2535843222034554,0,0,1
WS_n1000_s45,WS,1000,0.5,preserve_global_sps,snowball,0.17378584878545147,0,0,1
WS_n5000_s0,WS,5000,0.05,preserve_global_sps,snowball,0.3649768353388933,0,0,1
WS_n5000_s0,WS,5000,0.1,preserve_global_sps,snowball,0.357985253955192,0,0,1
WS_n5000_s0,WS,5000,0.2,preserve_global_sps,snowball,0.31070313505836106,0,0,1
WS_n5000_s0,WS,5000,0.3,preserve_global_sps,snowball,0.26113194647065896,0,0,1
WS_n5000_s0,WS,5000,0.5,preserve_global_sps,snowball,0.16390616625983048,0,0,1
WS_n5000_s15,WS,5000,0.05,preserve_global_sps,snowball,0.3381205735982931,0,0,1
WS_n5000_s15,WS,5000,0.1,preserve_global_sps,snowball,0.34163600166392016,0,0,1
WS_n5000_s15,WS,5000,0.2,preserve_global_sps,snowball,0.300899440093107,0,0,1
WS_n5000_s15,WS,5000,0.3,preserve_global_sps,snowball,0.2546020029270045,0,0,1
WS_n5000_s15,WS,5000,0.5,preserve_global_sps,snowball,0.16347988439767475,0,0,1
WS_n5000_s45,WS,5000,0.05,preserve_global_sps,snowball,0.34690561904734724,0,0,1
WS_n5000_s45,WS,5000,0.1,preserve_global_sps,snowball,0.3512594269030363,0,0,1
WS_n5000_s45,WS,5000,0.2,preserve_global_sps,snowball,0.30987050897619434,0,0,1
WS_n5000_s45,WS,5000,0.3,preserve_global_sps,snowball,0.2617484417826924,0,0,1
WS_n5000_s45,WS,5000,0.5,preserve_global_sps,snowball,0.1645781641749577,0,0,1
